Country Name;Country Code;Continent;2022 Population;2020 Population;2015 Population;2010 Population;2000 Population;1990 Population;1980 Population;1970 Population;Area (kmÂ²);Density (per kmÂ²);Growth Rate;World Population Percentage;Indicator Name;Indicator Code;1970;1980;1990;2000;2010;2015;2020;2022
Aruba;ABW;Norteamérica;106445;106585;104257;100341;89101;65712;62267;59106;180;591,3611;0,9991;0;Crecimiento del PIB per cápita (% anual);NY.GDP.PCAP.KD.ZG;;;219.580.450.971.051;491.835.385.108.675;-382.701.299.563.932;288.516.618.544.072;-186.983.248.900.374;
Afganistán;AFG;Asia;41128771;38972230;33753499;28189672;19542982;10694796;12486631;10752971;652230;63,0587;1,0257;0,52;Crecimiento del PIB per cápita (% anual);NY.GDP.PCAP.KD.ZG;;;;;110.992.199.166.219;-166.641.641.520.391;-53.646.659.309.623;
Angola;AGO;Africa;35588987;33428485;28127721;23364185;16394062;11828638;8330047;6029700;1246700;28,5466;1,0315;0,45;Crecimiento del PIB per cápita (% anual);NY.GDP.PCAP.KD.ZG;;;-662.640.931.330.293;-0.234945632722756;101.592.225.919.099;-264.641.999.388.039;-86.354.462.123.582;
Albania;ALB;Europa;2842321;2866849;2882481;2913399;3182021;3295066;2941651;2324731;28748;98,8702;0,9957;0,04;Crecimiento del PIB per cápita (% anual);NY.GDP.PCAP.KD.ZG;;;-11.187.905.298.961;763.002.243.937.019;422.308.382.721.044;251.682.705.417.127;-292.582.095.677.083;
Andorra;AND;Europa;79824;77700;71746;71519;66097;53569;35611;19860;468;170,5641;1,01;0;Crecimiento del PIB per cápita (% anual);NY.GDP.PCAP.KD.ZG;;-200.751.514.688.865;0.0423206245897916;28.360.535.398.907;12.226.877.027.027;125.741.601.269.149;-127.350.775.611.172;
Emiratos Árabes Unidos;ARE;Asia;9441129;9287289;8916899;8481771;3275333;1900151;1014048;298084;83600;112,9322;1,0081;0,12;Crecimiento del PIB per cápita (% anual);NY.GDP.PCAP.KD.ZG;;109.753.059.194.355;115.831.413.390.822;483.612.964.510.461;-425.638.586.310.046;581.735.787.418.565;-573.104.452.508.203;
Argentina;ARG;América del Sur;45510318;45036032;43257065;41100123;37070774;32637657;28024803;23842803;2780400;16,3683;1,0052;0,57;Crecimiento del PIB per cápita (% anual);NY.GDP.PCAP.KD.ZG;144.319.966.346.231;-0.0775227575679907;-387.738.988.305.726;-190.698.749.835.167;984.429.639.847.724;162.966.427.946.263;-108.126.108.522.948;
Armenia;ARM;Asia;2780469;2805608;2878595;2946293;3168523;3556539;3135123;2534377;29743;93,4831;0,9962;0,03;Crecimiento del PIB per cápita (% anual);NY.GDP.PCAP.KD.ZG;;;;715.357.818.453.764;282.448.188.304.339;360.636.907.832.207;-670.404.931.836.521;
Samoa Americana;ASM;Oceania;44273;46189;51368;54849;58230;47818;32886;27075;199;222,4774;0,9831;0;Crecimiento del PIB per cápita (% anual);NY.GDP.PCAP.KD.ZG;;;;;124.526.425.733.148;485.444.230.115.995;764.030.127.989.335;
Antigua y Barbuda;ATG;Norteamérica;93763;92664;89941;85695;75055;63328;64888;64516;442;212,1335;1,0058;0;Crecimiento del PIB per cápita (% anual);NY.GDP.PCAP.KD.ZG;;769.470.761.360.897;351.271.910.693.902;445.731.128.602.871;-908.917.481.882.941;301.146.145.768.065;-206.634.788.051.455;
Australia;AUS;Oceania;26177413;25670051;23820236;22019168;19017963;17048003;14706322;12595034;7692024;34,032;1,0099;0,33;Crecimiento del PIB per cápita (% anual);NY.GDP.PCAP.KD.ZG;508.501.321.765.334;178.726.761.638.859;205.479.381.137.212;271.882.936.967.131;0.628836598169386;0.693065822727618;-127.835.805.936.483;
Austria;AUT;Europa;8939617;8907777;8642421;8362829;8010428;7678729;7547561;7465301;83871;106,5877;1,002;0,11;Crecimiento del PIB per cápita (% anual);NY.GDP.PCAP.KD.ZG;595.049.661.811.298;173.137.779.245.161;355.354.764.697.123;312.743.665.014.771;159.257.712.849.987;-0.111540189504495;-68.415.447.032.182;
Azerbaiyán;AZE;Asia;10358074;10284951;9863480;9237202;8190337;7427836;6383060;5425317;86600;119,6082;1,0044;0,13;Crecimiento del PIB per cápita (% anual);NY.GDP.PCAP.KD.ZG;;;;101.910.292.674.816;380.649.102.062.563;-0.103121364891479;-495.270.173.869.491;
Burundi;BDI;Africa;12889576;12220227;10727148;9126605;6307659;5483793;4312834;3497834;27834;463,0874;1,027;0,16;Crecimiento del PIB per cápita (% anual);NY.GDP.PCAP.KD.ZG;187.795.490.872.568;-311.611.097.804.429;142.189.606.962.945;-286.056.587.976.486;0.318221817835934;-59.804.956.121.318;-250.846.116.980.161;
Bélgica;BEL;Europa;11655930;11561717;11248303;10877947;10264343;9959560;9828986;9629376;30528;381,8111;1,0038;0,15;Crecimiento del PIB per cápita (% anual);NY.GDP.PCAP.KD.ZG;547.879.045.116.598;432.900.827.500.772;283.026.797.508.926;346.545.257.130.404;1.928.764.195.703;145.189.336.758.756;-576.839.830.908.564;
Benin;BEN;Africa;13352864;12643123;10932783;9445710;6998023;5133419;3833939;3023443;112622;118,5635;1,0274;0,17;Crecimiento del PIB per cápita (% anual);NY.GDP.PCAP.KD.ZG;-0.00525611905031553;395.356.179.891.975;571.244.559.420.417;268.964.737.900.177;-0.839355823905237;-118.168.483.600.668;0.951676065344273;
Burkina Faso;BFA;Africa;22673762;21522626;18718019;16116845;11882888;9131361;6932967;5611666;272967;83,0641;1,0259;0,28;Crecimiento del PIB per cápita (% anual);NY.GDP.PCAP.KD.ZG;-159.425.907.269.835;-186.412.486.590.542;-317.322.794.415.276;-110.685.082.808.791;530.514.455.524.253;0.877785604827011;-0.773847473861267;
Bangladesh;BGD;Asia;171186372;167420951;157830000;148391139;129193327;107147651;83929765;67541860;147570;1.160,04;1,0108;2,15;Crecimiento del PIB per cápita (% anual);NY.GDP.PCAP.KD.ZG;300.061.464.021.741;-160.928.609.905.919;340.036.959.603.947;330.590.093.463.195;437.348.466.696.672;529.106.080.830.215;227.110.515.324.938;
Bulgaria;BGR;Europa;6781953;6979175;7309253;7592273;8097691;8767778;8980606;8582950;110879;61,1654;0,9849;0,09;Crecimiento del PIB per cápita (% anual);NY.GDP.PCAP.KD.ZG;;;-74.632.076.536.532;510.505.505.789.476;221.243.106.343.319;409.010.768.554.509;-338.040.072.418.435;
Bahrein;BHR;Asia;1472233;1477469;1362142;1213645;711442;517418;362595;222555;765;1.924,49;1,0061;0,02;Crecimiento del PIB per cápita (% anual);NY.GDP.PCAP.KD.ZG;;;0.992712756857642;244.215.746.058.789;139.489.073.188.075;-135.238.152.136.513;-386.011.163.684.792;
Bahamas;BHS;Norteamérica;409984;406471;392697;373272;325014;270679;223752;179129;13943;29,4043;1,0051;0,01;Crecimiento del PIB per cápita (% anual);NY.GDP.PCAP.KD.ZG;-901.221.302.099.061;44.363.122.153.204;-348.158.874.118.411;262.968.206.387.406;0.119788587477856;0.0796698475642899;-241.813.134.485.299;
Bosnia y Herzegovina;BIH;Europa;3233526;3318407;3524324;3811088;4179350;4494310;4199820;3815561;51209;63,1437;0,9886;0,04;Crecimiento del PIB per cápita (% anual);NY.GDP.PCAP.KD.ZG;;;;12.054.882.547.569;262.997.048.976.155;445.646.033.067.895;-188.422.756.676.914;
Belarús;BLR;Europa;9534954;9633740;9700609;9731427;10256483;10428525;9817257;9170786;207600;45,9295;0,9955;0,12;Crecimiento del PIB per cápita (% anual);NY.GDP.PCAP.KD.ZG;;;;629.963.644.799.005;803.408.813.400.748;-395.725.125.382.174;-0.278203386915138;
Belice;BLZ;Norteamérica;405272;394921;359871;322106;240406;182589;145133;120905;22966;17,6466;1,0131;0,01;Crecimiento del PIB per cápita (% anual);NY.GDP.PCAP.KD.ZG;24.151.601.047.899;108.495.691.387.326;906.668.172.195.484;939.899.285.981.485;-123.807.601.673.238;120.302.852.831.588;-146.804.661.413.714;
Bermudas;BMU;Norteamérica;64184;64031;63144;63447;61371;57470;53565;52019;54;1.188,59;1;0;Crecimiento del PIB per cápita (% anual);NY.GDP.PCAP.KD.ZG;437.934.158.997.402;622.614.189.721.537;-0.798461538372536;834.832.420.616.188;-173.636.323.640.892;0.622598426821042;-681.170.948.672.607;
Bolivia;BOL;América del Sur;12224110;11936162;11090085;10223270;8592656;7096194;5736088;4585693;1098581;11,1272;1,012;0,15;Crecimiento del PIB per cápita (% anual);NY.GDP.PCAP.KD.ZG;294.555.481.261.884;-35.332.385.594.216;246.741.157.451.369;0.675361125043224;237.533.557.597.251;322.053.894.217.879;-995.240.491.983.218;
Brasil;BRA;América del Sur;215313498;213196304;205188205;196353492;175873720;150706446;122288383;96369875;8515767;25,2841;1,0046;2,7;Crecimiento del PIB per cápita (% anual);NY.GDP.PCAP.KD.ZG;768.554.034.546.585;666.299.747.867.278;-606.555.566.873.385;297.091.078.107.165;652.281.617.922.927;-435.831.717.939.337;-451.593.118.067.881;
Barbados;BRB;Norteamérica;281635;280693;278083;274711;264657;258868;253575;241397;430;654,9651;1,0015;0;Crecimiento del PIB per cápita (% anual);NY.GDP.PCAP.KD.ZG;;386.226.140.879.282;-334.830.700.078.626;425.499.451.277.366;-269.214.122.922.608;225.520.692.122.292;-13.469.455.993.221;
Brunei Darussalam;BRN;Asia;449002;441725;421437;396053;333926;261928;187921;133343;5765;77,8841;1,0081;0,01;Crecimiento del PIB per cápita (% anual);NY.GDP.PCAP.KD.ZG;;-995.129.391.949.958;-203.942.377.394.556;0.730069450995472;111.147.982.582.061;-152.238.423.188.406;0.291718917001631;
Bhután;BTN;Asia;782455;772506;743274;705516;587207;558442;415257;298894;38394;20,3796;1,0064;0,01;Crecimiento del PIB per cápita (% anual);NY.GDP.PCAP.KD.ZG;;;75.697.856.132.185;0.50069300928601;107.022.219.600.331;564.980.627.117.775;-105.976.313.250.968;
Botswana;BWA;Africa;2630296;2546402;2305171;2091664;1726985;1341474;938578;592244;582000;4,5194;1,0162;0,03;Crecimiento del PIB per cápita (% anual);NY.GDP.PCAP.KD.ZG;160.312.210.728.477;660.839.737.154.741;36.047.556.044.134;-0.104457972122887;787.587.113.231.369;-669.996.519.922.597;-104.003.299.931.591;
República Centroafricana;CAF;Africa;5579144;5343020;4819333;4660067;3759170;2809221;2415276;2067356;622984;8,9555;1,0224;0,07;Crecimiento del PIB per cápita (% anual);NY.GDP.PCAP.KD.ZG;0.0639768947267214;-546.526.372.918.881;-511.220.033.298.814;-518.220.026.360.443;24.859.848.510.043;389.115.882.835.796;-162.477.557.942.373;
Canadá;CAN;Norteamérica;38454327;37888705;35732126;33963412;30683313;27657204;24511510;21434577;9984670;3,8513;1,0078;0,48;Crecimiento del PIB per cápita (% anual);NY.GDP.PCAP.KD.ZG;;;;420.268.257.440.837;194.962.818.944.229;-0.089285801148975;-631.922.236.990.395;
Suiza;CHE;Europa;8740472;8638613;8281732;7822435;7182059;6711693;6319113;6181227;41284;211,7157;1,0056;0,11;Crecimiento del PIB per cápita (% anual);NY.GDP.PCAP.KD.ZG;;;241.743.670.315.628;337.615.729.497.902;217.363.816.396.787;0.494129822392765;-308.628.211.065.434;
Chile;CHL;América del Sur;19603733;19300315;17870124;17004162;15351799;13342868;11469828;9820481;756102;259.274,00;1,0057;0,25;Crecimiento del PIB per cápita (% anual);NY.GDP.PCAP.KD.ZG;0.126557133535712;642.849.261.639.216;16.743.185.217.414;377.235.697.726.417;478.894.269.211.156;110.575.838.220.048;-724.886.134.502.005;
China;CHN;Asia;1425887337;1424929781;1393715448;1348191368;1264099069;1153704252;982372466;822534450;9706961;146,8933;1;17,88;Crecimiento del PIB per cápita (% anual);NY.GDP.PCAP.KD.ZG;160.503.992.929.185;649.011.265.514.277;240.655.857.199.583;763.859.767.629.364;10.102.832.622.576;642.073.647.734.702;199.661.901.394.232;
Côte d'Ivoire;CIV;Africa;28160542;26811790;23596741;21120042;16799670;11910540;8303809;5477086;322463;87,3295;1,0248;0,35;Crecimiento del PIB per cápita (% anual);NY.GDP.PCAP.KD.ZG;590.252.521.479.708;-142.544.181.229.233;-481.271.509.640.771;-295.971.089.931.733;461.051.808.845.066;44.630.530.593.795;-0.547616261222245;
Camerún;CMR;Africa;27914536;26491087;23012646;19878036;15091594;11430520;8519891;6452787;475442;58,7128;1,0263;0,35;Crecimiento del PIB per cápita (% anual);NY.GDP.PCAP.KD.ZG;0.43112507478267;-514.701.891.546.004;-890.923.918.259.573;113.112.675.163.163;0.00658279199097933;239.279.741.734.246;-242.243.441.821.918;
Congo;COD;Africa;99010212;92853164;78656904;66391257;48616317;35987541;26708686;20151733;2344858;42,2244;1,0325;1,24;Crecimiento del PIB per cápita (% anual);NY.GDP.PCAP.KD.ZG;62.006.555.081.793;-301.098.559.312.662;-431.613.292.496.826;-696.953.209.498.866;-0.378462199545467;576.218.155.230.173;111.096.628.045.726;283.237.932.472.882
Congo;COG;Africa;5970424;5702174;5064386;4437884;3134030;2385435;1829256;1396989;342000;17,4574;1,0231;0,07;Crecimiento del PIB per cápita (% anual);NY.GDP.PCAP.KD.ZG;440.948.946.960.498;729.476.772.684.934;-0.312914730574448;-514.928.871.972.042;724.158.192.131.455;419.608.784.237.961;-241.258.230.897.023;-443.948.919.173.256
Colombia;COL;América del Sur;51874024;50930662;47119728;44816108;39215135;32601393;26176195;20905254;1141748;45,4339;1,0069;0,65;Crecimiento del PIB per cápita (% anual);NY.GDP.PCAP.KD.ZG;36.015.842.951.613;17.139.442.872.063;211.239.850.086.568;127.108.262.785.821;332.373.450.571.197;19.906.164.936.335;-840.464.288.916.041;
Comoras;COM;Africa;836774;806166;730216;656024;536758;431119;328328;242351;1862;449,3953;1,0184;0,01;Crecimiento del PIB per cápita (% anual);NY.GDP.PCAP.KD.ZG;;;227.942.015.842.201;871.768.983.840.167;163.727.042.363.348;-101.406.895.756.402;-207.486.139.638.723;
Cabo Verde;CPV;Africa;593149;582640;552166;521212;458251;364563;317234;287262;4033;147,0739;1,0089;0,01;Crecimiento del PIB per cápita (% anual);NY.GDP.PCAP.KD.ZG;;;-107.909.646.125.555;121.340.983.835.949;0.381673315412286;-0.10717047848037;-156.039.204.191.033;
Costa Rica;CRI;Norteamérica;5180829;5123105;4895242;4622252;3979193;3158253;2414303;1855697;51100;101,3861;1,0052;0,06;Crecimiento del PIB per cápita (% anual);NY.GDP.PCAP.KD.ZG;462.226.350.734.645;-196.251.411.217.747;0.954542164963982;183.887.356.325.596;401.263.887.434.433;257.317.861.066.939;-477.333.027.975.166;
Cuba;CUB;Norteamérica;11212191;11300698;11339894;11290417;11105791;10626680;9809107;8869636;109884;102,0366;0,9961;0,14;Crecimiento del PIB per cápita (% anual);NY.GDP.PCAP.KD.ZG;;-51.830.919.324.148;-385.721.547.633.095;557.432.164.122.072;232.476.685.109.735;436.567.926.239.748;-108.222.657.978.536;
Curacao;CUW;Norteamérica;191163;189288;169572;159380;141424;155446;156851;150385;444;430,5473;1,0043;0;Crecimiento del PIB per cápita (% anual);NY.GDP.PCAP.KD.ZG;;;;;-117.626.862.745.298;-10.237.908.333.789;-171.256.716.583.123;
Islas Caimán;CYM;Norteamérica;68706;67311;60911;54074;39658;26027;17100;10533;264;260,25;1,0084;0;Crecimiento del PIB per cápita (% anual);NY.GDP.PCAP.KD.ZG;;;;;-536.390.587.086.157;0.550605418987857;-733.318.541.308.731;
Chipre;CYP;Europa;1251488;1237537;1187280;1129686;948237;788500;679327;640804;9251;135,2814;1,0059;0,02;Crecimiento del PIB per cápita (% anual);NY.GDP.PCAP.KD.ZG;;461.063.906.639.076;513.997.141.615.243;484.415.598.419.497;-0.35676942021901;400.942.677.175.865;-545.031.779.372.218;
República Checa;CZE;Europa;10493986;10530953;10523798;10464749;10234710;10301192;10270060;9795744;78865;133,0627;0,9984;0,13;Crecimiento del PIB per cápita (% anual);NY.GDP.PCAP.KD.ZG;;;;429.307.146.515.178;213.688.048.446.924;518.140.265.379.816;-573.252.689.432.169;
Alemania;DEU;Europa;83369843;83328988;82073226;81325090;81551677;79370196;77786703;78294583;357114;233,4544;0,9995;1,05;Crecimiento del PIB per cápita (% anual);NY.GDP.PCAP.KD.ZG;;119.869.390.758.107;435.163.905.422.439;277.322.125.091.402;433.960.677.706.354;0.617105353219898;-377.542.971.403.229;
Djibouti;DJI;Africa;1120849;1090156;1006259;919199;742033;577173;324121;144379;23200;48,3125;1,0138;0,01;Crecimiento del PIB per cápita (% anual);NY.GDP.PCAP.KD.ZG;;;;;;569.115.554.959.427;-0.298338539372381;
Dominica;DMA;Norteamérica;72737;71995;70007;68755;68346;69481;72978;68895;751;96,8535;1,0045;0;Crecimiento del PIB per cápita (% anual);NY.GDP.PCAP.KD.ZG;;130.569.131.456.072;616.749.039.391.011;286.729.855.284.918;0.719489528083983;-361.516.846.835.069;-172.616.934.692.792;
Dinamarca;DNK;Europa;5882261;5825641;5677796;5550849;5340655;5144623;5125392;4922963;43094;136,4984;1,0048;0,07;Crecimiento del PIB per cápita (% anual);NY.GDP.PCAP.KD.ZG;0.836281145615956;-0.603929077550063;131.052.516.322.782;340.068.454.610.739;141.948.663.073.603;162.216.625.804.921;-228.001.526.350.688;
República Dominicana;DOM;Norteamérica;11228821;10999664;10405832;9775755;8540791;7129004;5755800;4475871;48671;230,7087;1,01;0,14;Crecimiento del PIB per cápita (% anual);NY.GDP.PCAP.KD.ZG;14.979.925.057.649;553.136.646.416.338;-742.998.327.819.636;307.584.227.693.847;692.448.431.266.428;565.574.224.309.763;-771.905.867.915.002;
Argelia;DZA;Africa;44903225;43451666;39543154;35856344;30774621;25518074;18739378;13795915;2381741;18,8531;1,0164;0,56;Crecimiento del PIB per cápita (% anual);NY.GDP.PCAP.KD.ZG;64.567.191.719.165;-228.805.663.474.552;-168.292.794.980.542;235.458.026.894.383;169.217.009.969.687;16.466.572.591.571;-672.994.165.075.228;
Ecuador;ECU;América del Sur;18001000;17588595;16195902;14989585;12626507;10449837;8135845;6172215;276841;65,0229;1,0114;0,23;Crecimiento del PIB per cápita (% anual);NY.GDP.PCAP.KD.ZG;383.872.150.476.874;0.989018809230117;130.216.416.418.996;-0.62524091265476;182.064.769.346.837;-137.151.925.896.104;-907.131.766.962.168;
Egipto;EGY;Africa;110990103;107465134;97723799;87252413;71371371;57214630;43748556;34781986;1002450;110,7188;1,0158;1,39;Crecimiento del PIB per cápita (% anual);NY.GDP.PCAP.KD.ZG;282.891.950.931.213;195.849.454.242.783;21.600.286.426.134;383.570.651.336.944;264.591.866.475.297;0.531824068547877;368.086.224.225.046;162.731.869.155.992
Eritrea;ERI;Africa;3684032;3555868;3340006;3147727;2392880;2149960;1657982;1272748;117600;31,3268;1,0176;0,05;Crecimiento del PIB per cápita (% anual);NY.GDP.PCAP.KD.ZG;;;;-461.549.158.904.921;0.121591639500295;;;
España;ESP;Europa;47558630;47363807;46431342;46572772;40741651;38889889;37491666;33792617;505992;93,9909;1,0015;0,6;Crecimiento del PIB per cápita (% anual);NY.GDP.PCAP.KD.ZG;313.732.279.396.164;139.131.541.840.831;36.757.679.509.781;47.764.007.853.099;-0.297178903863639;391.911.726.500.582;-117.575.591.274.843;
Estonia;EST;Europa;1326062;1329444;1314657;1331535;1396877;1570674;1476983;1361999;45227;29,3201;0,998;0,02;Crecimiento del PIB per cápita (% anual);NY.GDP.PCAP.KD.ZG;;;;955.641.846.932.483;267.816.403.908.816;178.627.469.426.176;-0.747277944180098;
Etiopía;ETH;Africa;123379924;117190911;102471895;89237791;67031867;47878073;34945469;28308246;1104300;111,7268;1,0257;1,55;Crecimiento del PIB per cápita (% anual);NY.GDP.PCAP.KD.ZG;;;-0.882676687132843;298.069.409.750.323;94.198.734.285.809;745.669.509.715.687;328.084.798.420.211;
Finlandia;FIN;Europa;5540745;5529468;5479461;5363271;5176209;4986545;4779418;4606621;338424;16,3722;1,0009;0,07;Crecimiento del PIB per cápita (% anual);NY.GDP.PCAP.KD.ZG;521.143.814.151.846;506.171.469.493.218;0.224909953309819;555.399.785.284.234;271.496.673.450.685;0.213029419665261;-234.551.224.067.012;
Fiji;FJI;Oceania;929766;920422;917200;905169;832509;780430;644582;527634;18272;50,8847;1,0056;0,01;Crecimiento del PIB per cápita (% anual);NY.GDP.PCAP.KD.ZG;104.210.341.316.003;-400.359.973.563.627;475.261.753.344.111;-277.296.232.923.001;252.404.964.362.454;431.434.596.112.975;-171.767.090.067.782;
Francia;FRA;Europa;64626628;64480053;63809769;62444567;58665453;56412897;53713830;50523586;551695;117,1419;1,0015;0,81;Crecimiento del PIB per cápita (% anual);NY.GDP.PCAP.KD.ZG;518.259.420.021.477;10.270.407.842.842;243.024.696.521.512;321.238.484.755.931;144.824.526.229.692;0.754024352327519;-80.344.742.951.426;
Islas Feroe;FRO;Europa;53090;52415;48816;48410;45660;47479;43054;38416;1393;38,112;1,0038;0;Crecimiento del PIB per cápita (% anual);NY.GDP.PCAP.KD.ZG;;;;;;;;
Micronesia (Estados Federados de);FSM;Oceania;114164;112106;109462;107588;111709;98603;76299;58989;702;162,6268;1,0091;0;Crecimiento del PIB per cápita (% anual);NY.GDP.PCAP.KD.ZG;;;183.976.913.483.599;467.436.638.413.858;25.255.221.377.722;420.325.118.906.544;-24.024.599.418.638;
Gabón;GAB;Africa;2388992;2292573;2028517;1711105;1272935;983028;749078;597192;267668;8,9252;1,0204;0,03;Crecimiento del PIB per cápita (% anual);NY.GDP.PCAP.KD.ZG;639.289.618.316.003;-0.0332087215594044;235.448.195.283.419;-436.268.695.523.565;348.729.414.610.895;0.721232639266972;-396.955.863.426.069;
Reino Unido;GBR;Europa;67508936;67059474;65224364;62760039;58850043;57210442;56326328;55650166;242900;277,9289;1,0034;0,85;Crecimiento del PIB per cápita (% anual);NY.GDP.PCAP.KD.ZG;641.576.308.283.678;-214.838.722.555.611;0.433081157235151;372.139.315.610.332;163.027.404.455.211;158.497.938.949.145;-11.355.366.837.142;
Georgia;GEO;Asia;3744385;3765912;3771132;3836831;4265172;5391636;5145843;4800426;69700;53,7214;0,9964;0,05;Crecimiento del PIB per cápita (% anual);NY.GDP.PCAP.KD.ZG;109.750.843.274.234;369.849.695.765.365;-147.651.573.236.061;383.810.006.924.914;702.738.532.732.053;286.009.424.289.855;-682.443.263.205.032;
Ghana;GHA;Africa;33475870;32180401;28870939;25574719;19665502;15446982;11865246;8861895;238533;140,3406;1,0196;0,42;Crecimiento del PIB per cápita (% anual);NY.GDP.PCAP.KD.ZG;68.504.714.311.137;-248.837.679.552.632;0.689672245346642;112.293.234.445.129;526.723.802.894.486;-0.265332917264004;-154.163.654.823.812;
Gibraltar;GIB;Europa;32649;32709;32520;31262;27741;27317;28734;26685;6;5.441,50;0,9994;0;Crecimiento del PIB per cápita (% anual);NY.GDP.PCAP.KD.ZG;;;;;;;;
Guinea;GIN;Africa;13859341;13205153;11625998;10270728;8336967;6354145;4972609;4222374;245857;56,3716;1,0242;0,17;Crecimiento del PIB per cápita (% anual);NY.GDP.PCAP.KD.ZG;;;0.745224866297846;0.510408914359232;226.816.803.790.864;121.255.318.824.562;231.724.101.200.501;
Gambia;GMB;Africa;2705992;2573995;2253133;1937275;1437539;1040616;718586;528731;10689;253,1567;1,025;0,03;Crecimiento del PIB per cápita (% anual);NY.GDP.PCAP.KD.ZG;313.324.702.070.494;28.049.213.152.017;-0.50976960963574;248.810.279.380.524;267.435.327.588.794;109.705.048.941.071;-195.308.366.905.797;
Guinea-Bissau;GNB;Africa;2105566;2015828;1788919;1567220;1230849;973551;831462;591663;36125;58,2856;1,0218;0,03;Crecimiento del PIB per cápita (% anual);NY.GDP.PCAP.KD.ZG;;-169.497.422.201.965;443.126.029.039.014;33.391.741.443.949;193.939.352.149.282;342.810.490.470.696;-459.671.995.748.523;
Guinea Ecuatorial;GNQ;Africa;1674908;1596049;1346973;1094524;684977;465549;282509;316955;28051;59,7094;1,0247;0,02;Crecimiento del PIB per cápita (% anual);NY.GDP.PCAP.KD.ZG;;;-53.731.729.785.259;130.453.344.731.756;-131.544.282.595.757;-126.046.850.421.249;-682.244.215.429.829;
Grecia;GRC;Europa;10384971;10512232;10806641;11033783;11038109;10302255;9307148;8544873;131990;78,68;0,9942;0,13;Crecimiento del PIB per cápita (% anual);NY.GDP.PCAP.KD.ZG;831.778.786.609.661;-0.306899530995054;-105.223.289.834.684;349.556.356.069.931;-559.995.935.690.777;0.463652786270188;-880.856.383.527.522;
Granada;GRD;Norteamérica;125438;123663;118980;114039;107432;99047;94838;98794;344;364,6453;1,0066;0;Crecimiento del PIB per cápita (% anual);NY.GDP.PCAP.KD.ZG;;-0.111072590144616;419.848.559.719.249;429.337.358.587.702;-120.046.646.888.024;554.296.646.256.527;-144.107.993.999.651;
Groenlandia;GRL;Norteamérica;56466;56026;55895;56351;56184;55599;50106;45434;2166086;0,0261;1,004;0;Crecimiento del PIB per cápita (% anual);NY.GDP.PCAP.KD.ZG;;737.708.985.775.325;-121.958.664.392.799;691.102.464.537.168;0.69531455570224;-22.149.188.822.392;0.103713033940792;
Guatemala;GTM;Norteamérica;17843908;17362718;16001107;14543121;11735894;9084780;6987767;5453208;108889;163,8725;1,0134;0,22;Crecimiento del PIB per cápita (% anual);NY.GDP.PCAP.KD.ZG;309.004.634.119.665;120.354.500.988.998;0.32144959608857;111.752.913.241.804;10.118.948.603.419;234.629.514.622.338;-324.596.617.966.175;
Guam;GUM;Oceania;171774;169231;167978;164905;160188;138263;110286;88300;549;312,8852;1,0073;0;Crecimiento del PIB per cápita (% anual);NY.GDP.PCAP.KD.ZG;;;;;206.170.827.793.916;0.564587367873969;-11.710.000.845.094;
Guyana;GUY;América del Sur;808726;797202;755031;747932;759051;747116;778176;705261;214969;3,7621;1,0052;0,01;Crecimiento del PIB per cápita (% anual);NY.GDP.PCAP.KD.ZG;287.447.243.721.348;125.095.914.512.434;-231.744.468.211.397;-149.855.866.264.538;46.015.377.876.125;0.165301151500259;437.587.032.467.243;
Hong Kong;HKG;Asia;7488865;7500958;7399838;7132438;6731195;5838574;4978544;3955072;1104;6.783,39;0,9992;0,09;Crecimiento del PIB per cápita (% anual);NY.GDP.PCAP.KD.ZG;957.973.247.358.854;56.231.501.272.443;122.297.978.446.804;153.233.594.717.834;-266.888.170.665.281;204.317.507.254.954;-240.244.270.694.151;731.715.172.741.315
Honduras;HND;Norteamérica;10432860;10121763;9294505;8450933;6656725;5053234;3777990;2782753;112492;92,7431;1,015;0,13;Crecimiento del PIB per cápita (% anual);NY.GDP.PCAP.KD.ZG;0.596515407747944;-24.696.000.611.637;-0.0471084830697635;440.041.232.348.534;159.990.328.102.285;197.813.209.013.502;-10.430.190.244.419;
Croacia;HRV;Europa;4030358;4096868;4254815;4368682;4548434;4873707;4680144;4492638;56594;71,2153;0,9927;0,05;Crecimiento del PIB per cápita (% anual);NY.GDP.PCAP.KD.ZG;;;;388.377.507.022.196;-0.999479719713634;337.066.856.048.698;-81.834.446.417.212;
Haití;HTI;Norteamérica;11584996;11306801;10563757;9842880;8360225;6925331;5646676;4680812;27750;417,4773;1,012;0,15;Crecimiento del PIB per cápita (% anual);NY.GDP.PCAP.KD.ZG;-115.874.756.713.032;527.816.574.117.897;-102.149.742.352.819;-0.955253581437972;-67.274.022.333.787;109.629.919.028.995;-459.456.240.049.191;
Hungría;HUN;Europa;9967308;9750573;9844246;9986825;10202055;10375989;10698679;10315366;93028;107,1431;1,0265;0,12;Crecimiento del PIB per cápita (% anual);NY.GDP.PCAP.KD.ZG;;;;475.094.782.312.509;130.495.875.677.843;395.428.261.265.434;-434.175.477.533.741;
Indonesia;IDN;Asia;275501339;271857970;259091970;244016173;214072421;182159874;148177096;115228394;1904569;144,6529;1,0064;3,45;Crecimiento del PIB per cápita (% anual);NY.GDP.PCAP.KD.ZG;468.054.570.489.529;741.362.868.928.137;533.442.787.463.557;341.271.420.297.167;490.272.857.952.441;371.774.546.908.827;-288.459.144.699.667;
Isla de Man;IMN;Europa;84519;84046;83593;83828;75562;68865;64022;55298;572;147,7605;1,003;0;Crecimiento del PIB per cápita (% anual);NY.GDP.PCAP.KD.ZG;;;248.494.605.260.277;405.416.100.563.947;227.383.295.942.414;-0.0247262720913284;;
India;IND;Asia;1417173173;1396387127;1322866505;1240613620;1059633675;870452165;696828385;557501301;3287590;431,0675;1,0068;17,77;Crecimiento del PIB per cápita (% anual);NY.GDP.PCAP.KD.ZG;285.855.823.007.255;43.493.740.925.681;32.978.540.660.614;196.595.243.736.218;70.131.745.803.792;672.106.763.067.042;-748.404.647.330.547;
Irlanda;IRL;Europa;5023109;4946119;4665760;4524585;3768950;3485374;3391387;2937637;70273;71,4799;1,0073;0,06;Crecimiento del PIB per cápita (% anual);NY.GDP.PCAP.KD.ZG;;189.987.358.235.338;837.500.627.668.175;795.480.644.953.508;113.042.364.586.033;232.008.710.727.033;50.973.854.012.496;
Irán;IRN;Asia;88550570;87290193;81790841;75373855;65544383;55793629;38520664;28449705;1648195;53,7258;1,0071;1,11;Crecimiento del PIB per cápita (% anual);NY.GDP.PCAP.KD.ZG;123.057.614.853.404;-148.852.620.901.719;309.945.047.972.539;0.39956030455015;-0.357484610351037;301.176.428.733.751;-37.227.071.496.431;396.556.869.056.239
Iraq;IRQ;Asia;44496122;42556984;37757813;31264875;24628858;17658381;13653369;9811347;438317;101,5158;1,0221;0,56;Crecimiento del PIB per cápita (% anual);NY.GDP.PCAP.KD.ZG;0.978935589203346;209.203.100.669.775;558.892.445.741.362;13.085.222.917.312;308.154.255.163.578;191.791.208.865.786;-133.942.758.371.757;
Islandia;ISL;Europa;372899;366669;331060;318333;281462;255019;228263;204468;103000;3,6204;1,0069;0;Crecimiento del PIB per cápita (% anual);NY.GDP.PCAP.KD.ZG;;;;355.739.104.440.454;-26.928.477.076.311;335.414.533.328.364;-834.212.125.609.098;
Israel;ISR;Asia;9038309;8757489;8007778;7328445;6116958;4803254;3744608;2907307;20770;435,1617;1,0155;0,11;Crecimiento del PIB per cápita (% anual);NY.GDP.PCAP.KD.ZG;;;;583.779.433.480.274;37.557.370.227.461;0.475269154590265;-357.303.741.945.609;
Italia;ITA;Europa;59037474;59500579;60232906;59822450;56966397;56756561;56329482;53324036;301336;195,9191;0,9966;0,74;Crecimiento del PIB per cápita (% anual);NY.GDP.PCAP.KD.ZG;471.342.068.855.478;321.717.014.392.455;190.043.982.743.266;373.994.653.301.939;140.091.534.299.962;0.875477401786128;-859.581.066.827.006;
Jamaica;JAM;Norteamérica;2827377;2820436;2794445;2733896;2612205;2392030;2135546;1859091;10991;257,2447;0,9999;0,04;Crecimiento del PIB per cápita (% anual);NY.GDP.PCAP.KD.ZG;105.890.167.770.796;-697.726.648.788.461;338.745.877.873.892;0.263360853827237;-187.148.268.267.046;0.563876019949532;-102.126.160.636.157;
Jordania;JOR;Asia;11285869;10928721;9494246;6931258;5056174;3480587;2216903;1557374;89342;126,3221;1,0123;0,14;Crecimiento del PIB per cápita (% anual);NY.GDP.PCAP.KD.ZG;;723.151.809.472.036;-513.614.661.594.539;207.264.743.541.762;0.0893368418974632;-653.100.726.957.784;-364.133.167.679.211;
Japón;JPN;Asia;123951692;125244761;127250933;128105431;126803861;123686321;117624196;105416839;377930;327,9753;0,9947;1,55;Crecimiento del PIB per cápita (% anual);NY.GDP.PCAP.KD.ZG;128.181.378.734.011;201.041.585.735.973;449.366.120.419.509;259.289.108.650.813;407.922.304.843.274;166.846.511.711.745;-422.555.534.092.724;
Kazajstán;KAZ;Asia;19397998;18979243;17835909;16627837;15236253;16866563;14172710;12265305;2724900;7,1188;1,0105;0,24;Crecimiento del PIB per cápita (% anual);NY.GDP.PCAP.KD.ZG;;;;101.301.164.939.223;57.942.251.111.029;-0.268267117815142;-375.798.345.417.326;
Kenya;KEN;Africa;54027487;51985780;46851488;41517895;30851606;23162269;16187124;11473087;580367;93,0919;1,0193;0,68;Crecimiento del PIB per cápita (% anual);NY.GDP.PCAP.KD.ZG;-82.582.519.998.525;189.650.713.855.221;0.708229893930422;-229.089.371.405.009;505.639.090.011.911;268.331.742.509.996;-223.481.875.031.808;
Kirguistán;KGZ;Asia;6630623;6424874;5914980;5483774;4935182;4394734;3691209;3016384;199951;33,1612;1,0158;0,08;Crecimiento del PIB per cápita (% anual);NY.GDP.PCAP.KD.ZG;;;368.801.159.071.612;419.482.415.463.276;-165.175.287.429.358;175.886.440.985.292;-101.204.455.334.221;
Camboya;KHM;Asia;16767842;16396860;15417523;14363532;12118841;8910808;6198959;6708525;181035;92,6221;1,0108;0,21;Crecimiento del PIB per cápita (% anual);NY.GDP.PCAP.KD.ZG;;;;7.998.303.815.391;443.014.920.792.102;553.168.468.207.193;-421.365.375.468.523;
Kiribati;KIR;Oceania;131232;126463;116707;107995;88826;75124;60813;57437;811;161,815;1,0183;0;Crecimiento del PIB per cápita (% anual);NY.GDP.PCAP.KD.ZG;;-179.328.383.934.666;-30.969.782.134.118;441.150.395.154.573;-295.053.573.453.981;824.412.516.251.402;-229.442.839.880.886;
Saint Kitts y Nevis;KNA;Norteamérica;47657;47642;47790;47403;45461;40636;43097;44968;261;182,5939;1,0011;0;Crecimiento del PIB per cápita (% anual);NY.GDP.PCAP.KD.ZG;;88.955.509.259.183;579.605.015.615.449;850.330.804.887.986;-0.20323189122665;0.710975959635206;-144.064.956.666.889;
Corea;KOR;Asia;51815810;51844690;50994401;48813042;46788591;44120039;38170501;32601143;100210;517,0722;0,9997;0,65;Crecimiento del PIB per cápita (% anual);NY.GDP.PCAP.KD.ZG;119.974.712.271.352;703.525.933.794.455;601.906.309.701.717;106.774.505.835.378;0.275268980329585;255.621.950.883.497;18.889.146.004.307;432.920.746.061.889
Kuwait;KWT;Asia;4268873;4360444;3908743;2943356;1934901;1674938;1493870;802786;17818;239,5821;1,0044;0,05;Crecimiento del PIB per cápita (% anual);NY.GDP.PCAP.KD.ZG;;;;158.475.020.579.118;-727.291.970.839.997;-319.417.441.775.387;-716.935.688.822.406;
República Democrática Popular Lao;LAO;Asia;7529475;7319399;6787419;6323418;5430853;4314443;3297519;2675283;236800;317.968,00;1,0141;0,09;Crecimiento del PIB per cápita (% anual);NY.GDP.PCAP.KD.ZG;;;371.421.416.077.379;402.996.036.782.766;692.239.932.405.998;57.534.110.046.946;-0.970941437057107;
Líbano;LBN;Asia;5489739;5662923;6398940;4995800;4320642;3593700;2963702;2381791;10452;525,2334;0,9816;0,07;Crecimiento del PIB per cápita (% anual);NY.GDP.PCAP.KD.ZG;;;24.131.927.811.189;-0.314587225723855;700.978.277.692.188;-14.938.476.120.184;-197.484.287.129.724;
Liberia;LBR;Africa;5302681;5087584;4612329;4019956;2895224;2209731;1932169;1463563;111369;47,6136;1,021;0,07;Crecimiento del PIB per cápita (% anual);NY.GDP.PCAP.KD.ZG;;;;;306.750.127.385.169;-203.302.983.943.588;-493.320.227.308.388;
Libia;LBY;Africa;6812341;6653942;6192235;6491988;5154790;4236983;2962720;1909177;1759540;3,8717;1,0114;0,09;Crecimiento del PIB per cápita (% anual);NY.GDP.PCAP.KD.ZG;;;;173.247.452.682.546;289.503.853.066.677;-235.543.692.358.982;-248.998.633.770.786;
Santa Lucía;LCA;Norteamérica;179857;179237;175623;170935;159500;142301;121633;103090;616;291,9756;1,0011;0;Crecimiento del PIB per cápita (% anual);NY.GDP.PCAP.KD.ZG;;-396.496.795.591.713;846.668.867.303.275;-0.731568958709232;0.862644867260556;-182.202.530.383.131;-246.405.971.755.268;
Liechtenstein;LIE;Europa;39327;38756;37355;35926;33026;28765;25003;21089;160;245,7937;1,0074;0;Crecimiento del PIB per cápita (% anual);NY.GDP.PCAP.KD.ZG;;31.372.028.489.852;0.802526058390612;193.564.456.435.379;;;;
Sri Lanka;LKA;Asia;21832143;21715079;21336697;20668557;18776371;17204094;14943645;12388769;65610;332,7563;1,0027;0,27;Crecimiento del PIB per cápita (% anual);NY.GDP.PCAP.KD.ZG;159.442.612.541.989;410.743.282.583.911;505.498.096.991.559;53.547.335.503.189;727.905.885.991.009;325.185.230.614.606;-398.314.191.091.222;
Lesotho;LSO;Africa;2305825;2254100;2118521;2022747;1998630;1798997;1407672;1023481;30355;75,962;1,0107;0,03;Crecimiento del PIB per cápita (% anual);NY.GDP.PCAP.KD.ZG;-137.418.457.103.023;-542.233.912.647.951;416.471.039.761.808;364.753.961.738.886;455.966.457.151.122;199.435.847.007.987;-951.095.634.510.244;
Lituania;LTU;Europa;2750055;2820267;2963765;3139019;3599637;3785847;3521206;3210147;65300;42,1142;0,9869;0,03;Crecimiento del PIB per cápita (% anual);NY.GDP.PCAP.KD.ZG;;;;442.747.584.792.048;380.531.559.028.894;298.891.297.061.452;-0.0485203258429578;
Luxemburgo;LUX;Europa;647599;630399;569408;507070;435628;381267;363741;339342;2586;250,425;1,0129;0,01;Crecimiento del PIB per cápita (% anual);NY.GDP.PCAP.KD.ZG;105.471.217.303.264;0.482546852017762;400.981.020.850.895;551.040.939.515.839;188.354.730.979.161;-0.115476305532894;-243.680.926.931.705;
Letonia;LVA;Europa;1850651;1897052;1991955;2101530;2392530;2689391;2572037;2397414;64559;28,666;0,9876;0,02;Crecimiento del PIB per cápita (% anual);NY.GDP.PCAP.KD.ZG;;;;66.993.125.562.973;-244.615.768.269.067;473.918.260.611.251;-151.481.139.773.969;
Región Administrativa Especial de Macao;MAC;Asia;695168;676283;615239;557297;431896;350227;245332;247284;30;23.172,27;1,0125;0,01;Crecimiento del PIB per cápita (% anual);NY.GDP.PCAP.KD.ZG;;;10.212.310.925.376;-390.583.792.650.266;-133.353.190.792.516;-379.821.439.690.497;-437.193.673.589.049;174.737.261.457.022
Isla de San Martín (parte francesa);MAF;Norteamérica;31791;32552;35020;36458;29610;28127;7776;5802;53;599,8302;0,9951;0;Crecimiento del PIB per cápita (% anual);NY.GDP.PCAP.KD.ZG;;;;;;;;
Marruecos;MAR;Africa;37457971;36688772;34680458;32464865;28554415;24570814;19678444;15274351;446550;83,883;1,0103;0,47;Crecimiento del PIB per cápita (% anual);NY.GDP.PCAP.KD.ZG;196.705.034.616.413;0.904057710346336;162.140.078.765.916;0.532211791365114;243.465.338.111.595;30.224.298.760.333;-817.274.144.810.004;
Mónaco;MCO;Europa;36469;36922;36760;33178;32465;30329;27076;24270;2;18.234,50;0,9941;0;Crecimiento del PIB per cápita (% anual);NY.GDP.PCAP.KD.ZG;;0.776612674604735;179.398.643.349.555;368.298.056.185.719;-0.291094423374886;300.924.966.444.114;-127.011.212.483.661;
República de Moldova;MDA;Europa;3272996;3084847;3277388;3678186;4251573;4480199;4103240;3711140;33846;96,7026;1,0691;0,04;Crecimiento del PIB per cápita (% anual);NY.GDP.PCAP.KD.ZG;;;;23.155.855.702.891;720.697.458.807.822;0.429158952199487;-635.758.327.607.071;
Madagascar;MDG;Africa;29611714;28225177;24850912;21731053;16216431;11882762;8948162;6639751;587041;50,4423;1,0241;0,37;Crecimiento del PIB per cápita (% anual);NY.GDP.PCAP.KD.ZG;227.299.909.787.804;-193.403.855.839.986;0.12577423312969;132.925.274.442.537;-222.352.581.427.488;0.497287783718534;-941.452.977.260.271;
Maldivas;MDV;Asia;523787;514438;435582;361575;282507;224957;164887;123243;300;1.745,96;1,0045;0,01;Crecimiento del PIB per cápita (% anual);NY.GDP.PCAP.KD.ZG;;;;222.989.934.387.169;354.559.594.730.723;-156.640.773.693.456;-347.765.589.179.835;
México;MEX;Norteamérica;127504125;125998302;120149897;112532401;97873442;81720428;67705186;50289306;1964375;64,9082;1,0063;1,6;Crecimiento del PIB per cápita (% anual);NY.GDP.PCAP.KD.ZG;316.714.192.168.044;643.845.983.465.458;326.238.381.460.151;329.269.240.921.286;373.285.194.759.218;209.471.782.379.221;-865.463.726.096.949;
Islas Marshall;MHL;Oceania;41569;43413;49410;53416;54224;46047;31988;23969;181;229,663;0,9886;0;Crecimiento del PIB per cápita (% anual);NY.GDP.PCAP.KD.ZG;;;0.314873410711897;0.625101334163418;577.095.038.647.522;419.631.618.999.699;113.166.736.109.294;
Macedonia del Norte;MKD;Europa;2093599;2111072;2107962;2093828;2037936;2044174;1907023;1656783;25713;81,4218;0,9954;0,03;Crecimiento del PIB per cápita (% anual);NY.GDP.PCAP.KD.ZG;;;;407.405.080.631.071;314.081.772.112.786;371.765.660.257.569;-592.229.586.311.112;
Malí;MLI;Africa;22593590;21224040;18112907;15529181;11239101;8945026;7372581;6153587;1240192;18,2178;1,0314;0,28;Crecimiento del PIB per cápita (% anual);NY.GDP.PCAP.KD.ZG;455.319.345.537.559;-633.081.602.165.872;-436.518.797.487.174;-292.505.022.967.933;194.651.923.125.954;288.286.060.712.548;-429.096.596.011.043;
Malta;MLT;Europa;533286;515357;456579;418755;399212;365392;333587;315414;316;1.687,61;1,0124;0,01;Crecimiento del PIB per cápita (% anual);NY.GDP.PCAP.KD.ZG;;593.304.998.185.818;525.659.773.465.001;189.120.097.847.943;50.264.285.995.582;702.341.134.136.087;-103.291.758.603.665;
Myanmar;MMR;Asia;54179306;53423198;51483949;49390988;45538332;40099553;33465781;27284112;676578;80,0784;1,0071;0,68;Crecimiento del PIB per cápita (% anual);NY.GDP.PCAP.KD.ZG;176.484.310.982.599;455.314.279.675.704;167.717.774.603.464;111.920.231.905.546;923.324.870.156.222;245.178.052.054.527;243.413.108.735.948;
Montenegro;MNE;Europa;627082;629048;633966;631044;633324;621442;589324;530268;13812;45,4012;0,9988;0,01;Crecimiento del PIB per cápita (% anual);NY.GDP.PCAP.KD.ZG;;;;327.911.916.013.552;254.625.315.972.683;333.238.457.780.671;-152.084.745.840.286;
Mongolia;MNG;Asia;3398366;3294335;2964749;2702520;2450979;2161433;1697780;1293880;1564110;2,1727;1,0151;0,04;Crecimiento del PIB per cápita (% anual);NY.GDP.PCAP.KD.ZG;;;-500.338.560.461.574;0.21791216782357;495.587.799.983.788;0.241383711192753;-635.124.060.282.349;
Mozambique;MOZ;Africa;32969517;31178239;26843246;23073723;17768505;13303459;11413587;8411676;801590;41,1302;1,0278;0,41;Crecimiento del PIB per cápita (% anual);NY.GDP.PCAP.KD.ZG;;;-0.638780468752614;-127.175.984.777.314;35.618.346.482.549;352.458.365.397.493;-406.161.389.110.071;
Mauritania;MRT;Africa;4736139;4498604;3946220;3419461;2695003;2006027;1506694;1122198;1030700;4,5951;1,0263;0,06;Crecimiento del PIB per cápita (% anual);NY.GDP.PCAP.KD.ZG;86.562.847.075.618;0.408718261627854;-426.797.406.751.385;-65.702.419.319.765;-0.286151376294598;262.469.075.992.307;-346.547.797.671.441;
Mauricio;MUS;Africa;1299469;1297828;1293153;1283330;1215930;1090290;954865;830115;2040;636,9946;1,0004;0,02;Crecimiento del PIB per cápita (% anual);NY.GDP.PCAP.KD.ZG;;-115.649.251.331.056;64.259.440.372.149;714.471.598.141.746;412.919.884.822.152;355.332.719.164.181;-145.993.551.322.578;
Malawi;MWI;Africa;20405317;19377061;16938942;14718422;11229387;9539665;6267369;4625141;118484;172,22;1,0259;0,26;Crecimiento del PIB per cápita (% anual);NY.GDP.PCAP.KD.ZG;-195.993.913.480.447;-340.981.501.716.432;165.091.796.321.126;-0.734438234214323;382.804.603.980.648;0.00240303089739768;-18.515.997.803.496;
Malasia;MYS;Asia;33938221;33199993;31068833;28717731;22945150;17517054;13215707;10306508;330803;102,5934;1,0109;0,43;Crecimiento del PIB per cápita (% anual);NY.GDP.PCAP.KD.ZG;346.890.139.240.867;467.201.653.639.486;591.625.281.875.723;612.379.809.146.435;555.251.852.182.685;352.753.443.643.488;-666.113.732.168.874;
Namibia;NAM;Africa;2567012;2489098;2282704;2099271;1819141;1369011;975994;754467;825615;3,1092;1,0146;0,03;Crecimiento del PIB per cápita (% anual);NY.GDP.PCAP.KD.ZG;;;-398.596.379.080.981;116.740.228.237.646;445.558.422.162.708;245.071.096.914.901;-960.474.595.132.635;
Nueva Caledonia;NCL;Oceania;289950;286403;283032;261426;221537;177264;148599;110982;18575;15,6097;1,0075;0;Crecimiento del PIB per cápita (% anual);NY.GDP.PCAP.KD.ZG;216.421.976.082.354;-150.231.521.241.085;117.457.101.710.015;0.17714284157276;;;;
Níger;NER;Africa;26207977;24333639;20128124;16647543;11622665;8370647;6173177;4669708;1267000;20,6851;1,0378;0,33;Crecimiento del PIB per cápita (% anual);NY.GDP.PCAP.KD.ZG;0.259305775070118;-539.451.112.648.064;-430.994.206.129.168;-453.360.569.932.079;460.206.704.821.289;0.471154424128144;-0.238156789192942;
Nigeria;NGA;Africa;218541212;208327405;183995785;160952853;122851984;95214257;72951439;55569264;923768;236,5759;1,0241;2,74;Crecimiento del PIB per cápita (% anual);NY.GDP.PCAP.KD.ZG;222.885.987.245.227;106.070.405.637.158;887.700.003.585.374;23.177.748.986.686;508.187.485.400.296;0.0769616167127936;-416.205.929.039.309;
Nicaragua;NIC;Norteamérica;6948392;6755895;6298598;5855734;5123222;4227820;3303309;2444767;130373;53,2962;1,0143;0,09;Crecimiento del PIB per cápita (% anual);NY.GDP.PCAP.KD.ZG;-18.853.275.620.433;179.327.510.540.507;-237.808.014.922.447;261.127.280.795.196;28.923.739.181.472;32.959.918.748.404;-312.695.213.910.604;
Países Bajos;NLD;Europa;17564014;17434557;17041107;16617116;15899135;14944548;14130387;13037686;41850;419,6897;1,0036;0,22;Crecimiento del PIB per cápita (% anual);NY.GDP.PCAP.KD.ZG;483.328.874.919.525;0.543128027064171;346.827.772.475.396;345.353.825.605.781;0.824259852819907;150.826.618.391.271;-441.855.550.924.734;
Noruega;NOR;Europa;5434319;5379839;5190356;4889741;4491202;4241636;4085776;3875546;323802;16,7828;1,0058;0,07;Crecimiento del PIB per cápita (% anual);NY.GDP.PCAP.KD.ZG;120.535.000.670.894;422.929.886.542.049;158.222.091.643.037;253.730.175.628.031;-0.544794329896789;0.95750076290291;-130.000.015.394.134;
Nepal;NPL;Asia;30547580;29348627;27610325;27161567;24559500;19616530;15600442;12501285;147181;207,5511;1,0171;0,38;Crecimiento del PIB per cápita (% anual);NY.GDP.PCAP.KD.ZG;0.365411325389161;-458.525.707.386.625;212.029.486.150.485;439.965.280.411.829;429.689.327.604.454;341.788.430.493.808;-408.656.858.925.306;
Nauru;NRU;Oceania;12668;12315;11185;10241;10377;9598;7635;6663;21;603,2381;1,0125;0;Crecimiento del PIB per cápita (% anual);NY.GDP.PCAP.KD.ZG;;;;;110.243.140.318.328;143.214.291.627.345;-0.35364778025118;
Nueva Zelandia;NZL;Oceania;5185288;5061133;4590590;4346338;3855266;3397389;3147168;2824061;270467;19,1716;1,0108;0,07;Crecimiento del PIB per cápita (% anual);NY.GDP.PCAP.KD.ZG;;115.703.628.749.763;-0.767406967462776;230.227.983.651.994;0.40146083057779;165.342.048.250.024;-340.600.904.186.589;
Omán;OMN;Asia;4576298;4543399;4191776;2881914;2344253;1804524;1017462;670693;309500;14,7861;1,0123;0,06;Crecimiento del PIB per cápita (% anual);NY.GDP.PCAP.KD.ZG;109.912.251.480.222;0.396232118995684;-514.935.162.191.476;511.237.365.525.272;-479.339.813.916.209;0.444638517235134;-211.716.850.954.581;
Pakistán;PAK;Asia;235824862;227196741;210969298;194454498;154369924;115414069;80624057;59290872;881912;267,4018;1,0191;2,96;Crecimiento del PIB per cápita (% anual);NY.GDP.PCAP.KD.ZG;832.210.222.165.277;581.834.880.832.284;107.026.649.113.786;110.232.212.708.917;-0.656496930742478;338.201.895.160.893;-297.029.464.978.425;
Panamá;PAN;Norteamérica;4408581;4294396;3957099;3623617;3001731;2449968;1956987;1516188;75417;58,4561;1,0132;0,06;Crecimiento del PIB per cápita (% anual);NY.GDP.PCAP.KD.ZG;398.061.171.172.867;104.741.602.025.663;582.963.458.665.719;0.709781117148083;395.086.673.010.184;390.792.886.782.761;-191.269.590.384.661;
Perú;PER;América del Sur;34049588;33304756;30711863;29229572;26654439;22109099;17492406;13562371;1285216;26,4933;1,0099;0,43;Crecimiento del PIB per cápita (% anual);NY.GDP.PCAP.KD.ZG;0.708838592901245;331.951.808.555.048;-706.601.854.240.201;114.477.299.247.883;751.616.967.333.678;204.895.673.228.597;-122.357.995.967.366;
Filipinas;PHL;Asia;115559009;112190977;103031365;94636700;77958223;61558898;48419546;37435586;342353;337,5434;1,0147;1,45;Crecimiento del PIB per cápita (% anual);NY.GDP.PCAP.KD.ZG;103.777.976.841.828;245.157.475.845.419;0.685480244973476;209.401.888.916.523;541.803.030.350.513;45.872.182.520.117;-10.978.194.139.332;
Palau;PLW;Oceania;18055;17972;17794;18540;19726;15293;12252;11366;459;39,3355;1,0017;0;Crecimiento del PIB per cápita (% anual);NY.GDP.PCAP.KD.ZG;;;;;176.203.754.515.501;755.115.034.053.378;-939.042.502.432.173;
Papua Nueva Guinea;PNG;Oceania;10142619;9749640;8682174;7583269;5508297;3864972;3104788;2489059;462840;21,9139;1,0194;0,13;Crecimiento del PIB per cápita (% anual);NY.GDP.PCAP.KD.ZG;825.384.818.386.992;-428.224.819.723.116;-554.315.589.190.692;-580.341.296.798.611;686.989.732.080.856;390.203.126.621.873;-522.481.758.623.621;
Polonia;POL;Europa;39857145;38428366;38553146;38597353;38504431;38064255;35521429;32482943;312679;127,4698;1,0404;0,5;Crecimiento del PIB per cápita (% anual);NY.GDP.PCAP.KD.ZG;;;;565.867.459.519.393;322.904.912.851.982;445.288.399.815.828;-184.839.482.693.985;
Puerto Rico;PRI;Norteamérica;3252407;3271564;3497335;3717922;3827108;3543776;3214568;2737619;8870;366,675;0,9989;0,04;Crecimiento del PIB per cápita (% anual);NY.GDP.PCAP.KD.ZG;704.792.915.967.258;301.075.218.735.778;-370.170.811.331.964;298.675.151.003.449;0.0921020717791237;0.706704568897791;-691.380.431.087.585;
Corea;PRK;Asia;26069416;25867467;25258015;24686435;23367059;20799523;17973650;14996879;120538;216,2755;1,0038;0,33;Crecimiento del PIB per cápita (% anual);NY.GDP.PCAP.KD.ZG;;;;;;;;
Portugal;PRT;Europa;10270865;10298192;10365435;10588401;10300626;10007346;9785252;8683631;92090;111,5307;0,9981;0,13;Crecimiento del PIB per cápita (% anual);NY.GDP.PCAP.KD.ZG;13.615.093.296.247;346.437.111.345.503;417.732.841.718.288;308.905.404.795.144;169.092.841.483.231;22.144.828.853.083;-839.685.451.108.976;
Paraguay;PRY;América del Sur;6780744;6618695;6177950;5768613;5123819;4059195;3078912;2408787;406752;16,6705;1,0115;0,09;Crecimiento del PIB per cápita (% anual);NY.GDP.PCAP.KD.ZG;320.181.698.067.724;882.775.676.114.387;135.533.724.347.989;-41.784.735.631.924;982.341.463.295.111;150.345.764.723.987;-214.847.789.745.059;
Ribera Occidental y Gaza;PSE;Asia;5250072;5019401;4484614;3992278;3139954;2124609;1453620;1118241;6220;844,063;1,0227;0,07;Crecimiento del PIB per cápita (% anual);NY.GDP.PCAP.KD.ZG;;;;-108.631.881.105.429;306.565.425.625.401;137.258.508.832.343;-134.963.869.730.477;
Polinesia Francesa;PYF;Oceania;306279;301920;291787;283788;250927;211089;163591;117891;4167;73,5011;1,0074;0;Crecimiento del PIB per cápita (% anual);NY.GDP.PCAP.KD.ZG;-189.730.657.577.832;-260.352.098.496.665;-201.322.615.570.059;155.597.283.063.771;-522.413.277.159.343;276.837.826.260.146;-106.566.971.383.148;
Qatar;QAT;Asia;2695122;2760385;2414573;1713504;645937;441675;277450;118007;11586;232,6189;1,0026;0,03;Crecimiento del PIB per cápita (% anual);NY.GDP.PCAP.KD.ZG;;;;;12.387.494.904.147;-392.809.919.619.101;-200.500.947.877.522;
Rumania;ROU;Europa;19659267;19442038;19906079;20335211;21919876;22836234;22125224;19922618;238391;82,4665;1,0171;0,25;Crecimiento del PIB per cápita (% anual);NY.GDP.PCAP.KD.ZG;;;;259.397.523.199.067;-332.875.036.446.971;364.655.356.590.626;-314.554.156.129.175;
Federación de Rusia;RUS;Europa;144713314;145617329;144668389;143242599;146844839;148005704;138257420;130093010;17098242;8,4636;0,9973;1,81;Crecimiento del PIB per cápita (% anual);NY.GDP.PCAP.KD.ZG;;;-316.283.597.296.696;104.637.091.559.227;445.309.639.834.757;-218.388.547.157.608;-246.115.141.544.522;
Rwanda;RWA;Africa;13776698;13146362;11642959;10309031;8109989;7319962;5247532;3896367;26338;523,0731;1,0234;0,17;Crecimiento del PIB per cápita (% anual);NY.GDP.PCAP.KD.ZG;277.793.606.427.721;535.642.829.110.546;-477.249.398.799.357;702.928.178.028.787;457.249.153.015.715;62.903.248.206.517;-564.752.259.259.753;
Arabia Saudita;SAU;Asia;36408820;35997107;32749848;29411929;21547390;16004763;10171710;6106191;2149690;16,9368;1,0128;0,46;Crecimiento del PIB per cápita (% anual);NY.GDP.PCAP.KD.ZG;518.571.463.004.108;0.565913288623079;105.040.303.650.573;298.946.092.840.893;172.482.532.476.839;212.189.744.819.959;-458.971.090.039.694;
Sudán;SDN;Africa;46874204;44440486;38171178;33739933;26298773;21090886;16673586;11305206;1886068;24,8529;1,0267;0,59;Crecimiento del PIB per cápita (% anual);NY.GDP.PCAP.KD.ZG;31.801.259.948.041;-236.708.173.761.201;-699.314.223.888.373;329.817.914.044.712;0.806213762462463;-120.799.806.155.449;-625.022.807.906.741;
Senegal;SEN;Africa;17316449;16436119;14356181;12530121;9704287;7536001;5703869;4367744;196722;88,025;1,0261;0,22;Crecimiento del PIB per cápita (% anual);NY.GDP.PCAP.KD.ZG;540.826.746.687.169;144.643.886.625.595;-356.701.824.622.392;147.078.068.161.998;0.625915167183067;350.805.418.581.042;-13.582.757.078.013;
Singapur;SGP;Asia;5975689;5909869;5650018;5163590;4053602;3022209;2400729;2061831;710;8.416,46;1,0058;0,07;Crecimiento del PIB per cápita (% anual);NY.GDP.PCAP.KD.ZG;121.840.230.638.021;872.460.740.268.357;563.184.802.412.309;716.598.820.156.491;125.085.215.498.552;176.232.468.638.902;-38.436.564.563.571;
Islas Salomón;SLB;Oceania;724273;691191;612660;540394;429978;324171;233668;172833;28896;25,0648;1,0232;0,01;Crecimiento del PIB per cápita (% anual);NY.GDP.PCAP.KD.ZG;;;-0.830018724544004;-164.199.848.866.935;715.830.977.501.489;-0.860529804071021;-5.646.280.663.101;
Sierra Leona;SLE;Africa;8605718;8233969;7314773;6436698;4584067;4325388;3367477;2778557;71740;119,957;1,022;0,11;Crecimiento del PIB per cápita (% anual);NY.GDP.PCAP.KD.ZG;65.229.508.156.204;274.366.161.606.525;-0.62175054246768;411.855.278.938.924;245.194.550.781.056;-224.884.483.581.693;-419.700.150.136.609;
El Salvador;SLV;Norteamérica;6336392;6292731;6231066;6114034;5958482;5367179;4508992;3619090;21041;301,145;1,0035;0,08;Crecimiento del PIB per cápita (% anual);NY.GDP.PCAP.KD.ZG;0.469594269921259;-172.545.368.744.448;295.089.341.881.634;0.540163417461017;172.634.622.714.864;204.601.626.752.148;-835.982.023.774.503;
San Marino;SMR;Europa;33660;34007;33570;31608;26823;23132;21346;18169;61;551,8033;0,9975;0;Crecimiento del PIB per cápita (% anual);NY.GDP.PCAP.KD.ZG;;;;0.583243559444171;-711.551.372.737.081;173.997.852.803.099;-617.850.136.533.582;
Somalia;SOM;Africa;17597511;16537016;13763906;12026649;8721465;6999096;5892224;3720977;637657;27,5971;1,0312;0,22;Crecimiento del PIB per cápita (% anual);NY.GDP.PCAP.KD.ZG;189.158.896.199.311;-117.855.310.982.384;-0.973387623094865;;;112.494.307.806.725;-0.954716484010831;
Serbia;SRB;Europa;7221365;7358005;7519496;7653748;7935022;7987529;7777010;7193533;88361;81,7257;0,9897;0,09;Crecimiento del PIB per cápita (% anual);NY.GDP.PCAP.KD.ZG;;;;647.147.291.411.601;113.680.433.834.465;231.101.588.882.194;-0.2409239589782;
Sudán del Sur;SSD;Africa;10913164;10606227;11194299;9714419;6114440;4750817;4192011;3342410;619745;17,6091;1,0153;0,14;Crecimiento del PIB per cápita (% anual);NY.GDP.PCAP.KD.ZG;;;;;0.224489690813229;-106.420.744.058.549;;
Santo Tomé y Príncipe;STP;Africa;227380;218641;201124;182138;143714;120343;97210;77583;964;235,8714;1,0192;0;Crecimiento del PIB per cápita (% anual);NY.GDP.PCAP.KD.ZG;;;;;432.346.410.287.829;203.743.719.665.277;111.996.010.448.981;
Suriname;SUR;América del Sur;618040;607065;575475;546080;478998;412756;375112;379918;163820;3,7727;1,0082;0,01;Crecimiento del PIB per cápita (% anual);NY.GDP.PCAP.KD.ZG;-0.624954331916271;-825.296.338.163.555;-551.710.938.235.234;0.279669784025444;399.538.233.865.444;-438.340.501.137.017;-16.911.412.073.134;
República Eslovaca;SVK;Europa;5643453;5456681;5424444;5396424;5376690;5261305;4973883;4522867;49037;115,0856;1,0359;0,07;Crecimiento del PIB per cápita (% anual);NY.GDP.PCAP.KD.ZG;;;;130.357.495.341.369;661.722.848.630.926;506.728.462.990.019;-345.752.126.408.124;
Eslovenia;SVN;Europa;2119844;2117641;2080862;2057286;1984339;1986024;1901570;1741286;20273;104,5649;1,0002;0,03;Crecimiento del PIB per cápita (% anual);NY.GDP.PCAP.KD.ZG;;;;336.587.756.689.673;0.902771380289735;213.325.802.761.534;-496.004.083.297.935;
Suecia;SWE;Europa;10549347;10368969;9849349;9381729;8871043;8548406;8311763;8027702;450295;23,4276;1,0079;0,13;Crecimiento del PIB per cápita (% anual);NY.GDP.PCAP.KD.ZG;62.923.377.448.294;149.373.315.947.172;-0.0207591755191316;459.825.479.417.304;50.526.785.726.024;339.017.629.600.058;-287.468.419.018.519;
Eswatini;SWZ;Africa;1201670;1180655;1133936;1099920;1030496;854011;598564;442865;17364;69,2047;1,0079;0,02;Crecimiento del PIB per cápita (% anual);NY.GDP.PCAP.KD.ZG;;879.076.267.724.948;170.418.877.260.662;0.562746630940353;331.872.245.454.383;149.985.760.265.459;-248.029.970.534.307;
Sint Maarten (Dutch part);SXM;Norteamérica;44175;43621;40205;33034;30489;27845;12243;6260;34;1.299,26;1,003;0;Crecimiento del PIB per cápita (% anual);NY.GDP.PCAP.KD.ZG;;;;;375.150.914.111.006;-254.799.742.433.998;;
Seychelles;SYC;Africa;107118;105530;99240;92409;80060;71057;65290;54379;452;236,9867;1,0061;0;Crecimiento del PIB per cápita (% anual);NY.GDP.PCAP.KD.ZG;636.334.823.645.946;-511.883.920.581.822;647.216.596.278.869;0.612194922594796;303.727.602.017.196;330.788.612.889.903;-847.735.319.025.522;
República Árabe Siria;SYR;Asia;22125249;20772595;19205178;22337563;16307654;12408996;8898954;6319199;185180;119,4797;1,0376;0,28;Crecimiento del PIB per cápita (% anual);NY.GDP.PCAP.KD.ZG;-502.670.069.027.657;106.709.106.891.916;0.605389708051504;-183.360.349.573.415;278.860.191.711.188;0.146192502227933;-69.942.453.904.841;
Islas Turcas y Caicos;TCA;Norteamérica;45703;44276;36538;29726;18744;11709;7598;5665;948;48,2099;1,0131;0;Crecimiento del PIB per cápita (% anual);NY.GDP.PCAP.KD.ZG;;;;;;658.354.239.873.972;-287.606.454.520.118;
Chad;TCD;Africa;17723315;16644701;14140274;11894727;8259137;5827069;4408230;3667394;1284000;13,8032;1,0316;0,22;Crecimiento del PIB per cápita (% anual);NY.GDP.PCAP.KD.ZG;-0.146821500991905;-616.037.355.936.302;-675.116.852.538.437;-420.701.536.982.699;974.497.303.673.172;-0.453003769060317;-466.133.902.000.324;
Togo;TGO;Africa;8848699;8442580;7473229;6571855;5008035;3875947;2838110;2197383;56785;155,8281;1,0236;0,11;Crecimiento del PIB per cápita (% anual);NY.GDP.PCAP.KD.ZG;-106.351.581.900.719;114.736.477.050.609;-31.336.956.145.325;-355.894.727.145.663;330.253.270.355.311;31.273.797.180.715;-0.651447665275327;
Tailandia;THA;Asia;71697030;71475664;70294397;68270489;63066603;55228410;45737753;35791728;513120;139,7276;1,0013;0,9;Crecimiento del PIB per cápita (% anual);NY.GDP.PCAP.KD.ZG;828.237.393.289.714;292.541.625.751.115;934.671.904.613.388;342.181.481.134.629;679.395.991.942.746;264.481.251.549.444;-641.584.207.822.751;
Tayikistán;TJK;Asia;9952787;9543207;8524063;7621779;6272998;5417860;4045965;2993019;143100;69,5513;1,0208;0,12;Crecimiento del PIB per cápita (% anual);NY.GDP.PCAP.KD.ZG;;;-341.673.599.156.007;688.357.425.608.561;435.955.531.806.951;356.019.355.333.524;214.423.487.535.819;
Turkmenistán;TKM;Asia;6430770;6250438;5766431;5267970;4569132;3720278;2862903;2201432;488100;13,1751;1,014;0,08;Crecimiento del PIB per cápita (% anual);NY.GDP.PCAP.KD.ZG;;;317.827.609.742.581;389.819.985.865.532;739.630.338.405.735;459.254.389.544.923;;
Timor-Leste;TLS;Asia;1341296;1299995;1205813;1088486;878360;758106;642224;554021;14874;90,1772;1,0154;0,02;Crecimiento del PIB per cápita (% anual);NY.GDP.PCAP.KD.ZG;;;;;702.468.796.949.928;0.974983727676332;29.929.978.282.789;
Tonga;TON;Oceania;106858;105254;106122;107383;102603;98727;96708;86484;747;143,0495;1,0079;0;Crecimiento del PIB per cápita (% anual);NY.GDP.PCAP.KD.ZG;;;-238.937.343.689.918;0.265442712257212;0.579134053959507;165.237.893.342.727;0.199363590239884;
Trinidad y Tobago;TTO;Norteamérica;1531044;1518147;1460177;1410296;1332203;1266518;1127852;988890;5130;298,4491;1,0035;0,02;Crecimiento del PIB per cápita (% anual);NY.GDP.PCAP.KD.ZG;246.070.269.409.347;886.960.525.299.531;0.682999954200753;648.890.519.128.867;265.616.051.879.402;-140.239.937.458.844;-756.838.292.938.268;
Túnez;TUN;Africa;12356117;12161723;11557779;10895063;9893316;8440023;6578156;5047404;163610;755.218,00;1,0076;0,15;Crecimiento del PIB per cápita (% anual);NY.GDP.PCAP.KD.ZG;192.728.710.501.926;477.391.387.809.188;560.118.821.921.662;359.602.689.821.163;192.622.043.893.451;-0.157956661025665;-946.573.676.419.715;
Turquía;TUR;Asia;85341241;84135428;79646178;73195345;64113547;54324142;44089069;35540990;783562;108,9145;1,0067;1,07;Crecimiento del PIB per cápita (% anual);NY.GDP.PCAP.KD.ZG;0.854615085935322;-444.223.913.591.586;721.674.198.926.634;538.556.718.247.052;699.064.120.308.664;404.114.037.018.699;114.794.398.939.554;
Tuvalu;TUV;Oceania;11312;11069;10877;10550;9638;9182;7731;5814;26;435,0769;1,0096;0;Crecimiento del PIB per cápita (% anual);NY.GDP.PCAP.KD.ZG;;;;-0.950050031811472;-35.382.833.070.037;106.399.972.418.866;0.47881470774233;
Tanzanía;TZA;Africa;65497748;61704518;52542823;45110527;34463704;26206012;19297659;13618192;945087;69,3034;1,03;0,82;Crecimiento del PIB per cápita (% anual);NY.GDP.PCAP.KD.ZG;;;426.155.396.960.681;160.420.802.864.729;362.505.034.269.054;267.420.414.473.401;-102.649.097.336.123;
Uganda;UGA;Africa;47249585;44404611;37477356;32341728;24020697;17586630;13284026;10317212;241550;195,61;1,0304;0,59;Crecimiento del PIB per cápita (% anual);NY.GDP.PCAP.KD.ZG;;;309.533.287.365.606;-0.0417874225673103;260.254.456.201.481;198.592.377.271.353;-0.423316497344004;
Ucrania;UKR;Europa;39701739;43909666;44982564;45683020;48879755;51589817;49973920;47279086;603500;65,7858;0,912;0,5;Crecimiento del PIB per cápita (% anual);NY.GDP.PCAP.KD.ZG;;;-655.892.790.804.457;697.135.971.117.342;45.063.448.241.537;-944.383.219.053.168;-310.165.858.921.107;
Uruguay;URY;América del Sur;3422794;3429086;3402818;3352651;3292224;3117012;2953750;2790265;181034;18,9069;0,999;0,04;Crecimiento del PIB per cápita (% anual);NY.GDP.PCAP.KD.ZG;173.511.605.170.546;537.681.201.475.841;-0.317980081088734;-232.495.454.551.433;753.025.568.537.589;0.0416798842422565;-614.001.059.512.776;
Estados Unidos;USA;Norteamérica;338289857;335942003;324607776;311182845;282398554;248083732;223140018;200328340;9372610;36,0935;1,0038;4,24;Crecimiento del PIB per cápita (% anual);NY.GDP.PCAP.KD.ZG;-143.845.053.330.176;-120.929.826.319.077;0.74148609960973;292.544.098.347.776;186.029.167.805.893;195.300.411.790.625;-369.792.209.570.822;
Uzbekistán;UZB;Asia;34627652;33526656;30949417;28614227;24925554;20579100;15947129;12011361;447400;77,3975;1,016;0,43;Crecimiento del PIB per cápita (% anual);NY.GDP.PCAP.KD.ZG;;;-0.416633675410012;240.808.172.418.723;460.233.039.367.293;536.481.697.227.092;-0.0534360058478711;
San Vicente y las Granadinas;VCT;Norteamérica;103948;104632;106482;109308;113813;112487;107480;98459;389;267,2185;0,9963;0;Crecimiento del PIB per cápita (% anual);NY.GDP.PCAP.KD.ZG;924.654.189.799.712;187.274.676.642.635;399.456.527.918.332;180.156.433.702.805;-400.552.748.187.661;320.029.548.954.575;-504.839.908.499.085;
Venezuela;VEN;América del Sur;28301696;28490453;30529716;28715022;24427729;19750579;15210443;11355475;916445;30,882;1,0036;0,35;Crecimiento del PIB per cápita (% anual);NY.GDP.PCAP.KD.ZG;444.758.785.900.132;-707.256.372.984.051;390.584.744.788.616;173.114.510.029.852;-281.689.903.503.258;;;
Islas Vírgenes Británicas;VGB;Norteamérica;31305;30910;29366;27556;20104;15617;11109;9581;151;207,3179;1,0059;0;Crecimiento del PIB per cápita (% anual);NY.GDP.PCAP.KD.ZG;;;;;;;;
Islas Vírgenes (EE.UU.);VIR;Norteamérica;99465;100442;102803;106142;108185;100685;96640;63446;347;286,6427;0,9937;0;Crecimiento del PIB per cápita (% anual);NY.GDP.PCAP.KD.ZG;;;;;0.640017045957947;-0.26792231561096;-179.809.079.379.379;
Viet Nam;VNM;Asia;98186856;96648685;92191398;87411012;79001142;66912613;52968270;41928849;331212;296,4472;1,0074;1,23;Crecimiento del PIB per cápita (% anual);NY.GDP.PCAP.KD.ZG;;;282.926.252.371.433;560.127.927.158.793;529.328.634.413.302;587.786.159.372.139;193.735.534.204.778;
Vanuatu;VUT;Oceania;326740;311685;276438;245453;192074;150882;118156;87019;12189;26,8061;1,0238;0;Crecimiento del PIB per cápita (% anual);NY.GDP.PCAP.KD.ZG;;-135.084.067.241.696;895.590.456.155.684;336.484.277.457.321;-111.900.599.670.747;-199.743.087.331.125;-760.620.937.156.634;
Samoa;WSM;Oceania;222382;214929;203571;194672;184008;168186;164905;142771;2842;78,2484;1,0165;0;Crecimiento del PIB per cápita (% anual);NY.GDP.PCAP.KD.ZG;;;-45.919.381.723.015;40.667.186.560.092;530.918.106.235.407;292.496.204.784.439;-447.168.519.860.817;
Yemen;YEM;Asia;33696614;32284046;28516545;24743946;18628700;13375121;9204938;6843607;527968;63,8232;1,0217;0,42;Crecimiento del PIB per cápita (% anual);NY.GDP.PCAP.KD.ZG;;;;0.874332587488141;0.837999511386684;-295.538.929.742.692;;
Sudáfrica;ZAF;Africa;59893885;58801927;55876504;51784921;46813266;39877570;29463549;22368306;1221037;49,0517;1,0084;0,75;Crecimiento del PIB per cápita (% anual);NY.GDP.PCAP.KD.ZG;212.393.691.842.109;384.670.140.381.662;-333.962.118.357.752;320.151.044.858.625;181.773.569.736.623;-0.75792811406113;-748.109.276.123.239;
Zambia;ZMB;Africa;20017675;18927715;16248230;13792086;9891136;7686401;5720438;4281671;752612;26,5976;1,028;0,25;Crecimiento del PIB per cápita (% anual);NY.GDP.PCAP.KD.ZG;179.481.939.274.484;0.0280771106595239;-300.744.689.939.025;106.229.169.242.992;650.755.325.743.155;-0.312861216401132;-559.573.305.992.129;
Zimbabwe;ZWE;Africa;16320537;15669666;14154937;12839771;11834676;10113893;7049926;5202918;390757;41,7665;1,0204;0,2;Crecimiento del PIB per cápita (% anual);NY.GDP.PCAP.KD.ZG;18.825.358.952.337;802.453.300.104.263;415.834.043.459.395;-402.757.591.112.872;199.389.815.094.808;-0.132759721781923;-967.040.477.679.424;
